Rank,Country code,Name,Continental region,Plans measured,Average price of 1GB (local currency),Currency,Conversion rate (USD) (Frozen 12/07/2022)),Average price of 1GB (USD),Cheapest 1GB (Local currency),Cheapest 1GB (USD),Most expensive 1GB (Local currency),Most expensive 1GB (USD),Sample date,,Global Totals (2022),
1,IL,Israel,NEAR EAST,20,0.15,ILS,0.28652,$0.04,0.06,$0.02,0.59,$0.17,4/25/2022,,Total number of countries,233
2,IT,Italy,WESTERN EUROPE,28,0.12,EUR,1.00021,$0.12,0.05,$0.05,2.00,$2.00,4/26/2022,,Most expensive 1GB,$41.06
3,SM,San Marino,WESTERN EUROPE,2,0.14,EUR,1.00021,$0.14,0.08,$0.08,0.20,$0.20,5/12/2022,,Cheapest 1GB,$0.04
4,FJ,Fiji,OCEANIA,17,0.33,FJD,0.44780,$0.15,0.17,$0.07,1.75,$0.78,4/19/2022,,Average package price globally,$3.12
5,IN,India,ASIA (EX. NEAR EAST),36,13.20,INR,0.01258,$0.17,3.78,$0.05,645.00,$8.10,4/25/2022,,Total packages included in study,"5,292"
6,KG,Kyrgyzstan,CIS (FORMER USSR),11,13.80,KGS,0.01210,$0.17,12.00,$0.15,33.33,$0.40,4/26/2022,,,
7,FR,France,WESTERN EUROPE,53,0.23,EUR,1.00021,$0.23,0.07,$0.08,49.90,$49.96,4/19/2022,,,
8,MD,Moldova,EASTERN EUROPE,12,4.96,MDL,0.05176,$0.26,0.50,$0.03,50.00,$2.59,4/28/2022,,,
9,UY,Uruguay,SOUTH AMERICA,20,10.75,UYU,0.02481,$0.27,9.50,$0.24,572.50,$14.20,5/19/2022,,,
10,NP,Nepal,ASIA (EX. NEAR EAST),36,34.59,NPR,0.00782,$0.27,8.33,$0.07,250.00,$1.95,5/4/2022,,,
11,LK,Sri Lanka,ASIA (EX. NEAR EAST),32,98.70,LKR,0.00276,$0.27,12.81,$0.04,980.00,$2.70,4/27/2022,,,
12,BD,Bangladesh,ASIA (EX. NEAR EAST),60,30.59,BDT,0.01062,$0.32,1.20,$0.01,632.81,$6.72,4/5/2022,,,
13,PK,Pakistan,ASIA (EX. NEAR EAST),47,75.00,PKR,0.00478,$0.36,9.98,$0.05,"2,340.00",$11.20,5/5/2022,,,
14,HT,Haiti,CARIBBEAN,14,42.86,HTG,0.00857,$0.37,16.67,$0.14,125.00,$1.07,4/25/2022,,,
15,UZ,Uzbekistan,CIS (FORMER USSR),28,"4,083.33",UZS,0.00009,$0.37,"1,375.00",$0.13,"30,000.00",$2.73,5/19/2022,,,
16,KZ,Kazakhstan,CIS (FORMER USSR),23,177.22,KZT,0.00210,$0.37,107.27,$0.23,990.00,$2.08,4/27/2022,,,
17,TH,Thailand,ASIA (EX. NEAR EAST),14,13.64,THB,0.02752,$0.38,6.65,$0.18,199.33,$5.49,5/16/2022,,,
18,TR,Turkey,NEAR EAST,25,6.71,TRY,0.05753,$0.39,0.50,$0.03,84.62,$4.87,5/16/2022,,,
19,BT,Bhutan,ASIA (EX. NEAR EAST),60,31.25,BTN,0.01251,$0.39,17.75,$0.22,76.92,$0.96,4/8/2022,,,
20,MC,Monaco,WESTERN EUROPE,3,0.40,EUR,1.00021,$0.40,0.35,$0.35,0.43,$0.43,4/28/2022,,,
21,PL,Poland,EASTERN EUROPE,28,1.97,PLN,0.20627,$0.41,0.67,$0.14,40.00,$8.29,5/5/2022,,,
22,CN,China,ASIA (EX. NEAR EAST),6,2.75,CNY,0.14864,$0.41,2.00,$0.30,3.00,$0.45,5/23/2022,,,
23,KH,Cambodia,ASIA (EX. NEAR EAST),13,0.42,USD,1.00000,$0.42,0.10,$0.10,1.43,$1.43,4/27/2022,,,
24,UA,Ukraine,CIS (FORMER USSR),12,12.83,UAH,0.03361,$0.43,5.00,$0.17,50.00,$1.68,5/18/2022,,,
25,DK,Denmark,WESTERN EUROPE,20,3.23,DKK,0.13444,$0.43,0.75,$0.10,26.33,$3.54,4/13/2022,,,
26,RO,Romania,EASTERN EUROPE,16,0.45,EUR,1.00021,$0.45,0.07,$0.07,1.00,$1.00,5/6/2022,,,
27,MY,Malaysia,ASIA (EX. NEAR EAST),51,2.00,MYR,0.22538,$0.45,0.49,$0.11,24.00,$5.41,5/3/2022,,,
28,ID,Indonesia,ASIA (EX. NEAR EAST),59,"6,916.67",IDR,0.00007,$0.46,"1,925.00",$0.13,"43,000.00",$2.87,4/25/2022,,,
29,DZ,Algeria,NORTHERN AFRICA,17,70.00,DZD,0.00682,$0.48,20.00,$0.14,250.00,$1.70,4/19/2022,,,
30,RU,Russian Federation,CIS (FORMER USSR),19,28.50,RUB,0.01684,$0.48,12.00,$0.20,98.00,$1.66,5/11/2022,,,
31,CO,Colombia,SOUTH AMERICA,54,"2,169.47",COP,0.00022,$0.49,749.88,$0.17,"16,666.67",$3.73,4/12/2022,,,
32,CL,Chile,SOUTH AMERICA,48,501.29,CLP,0.00101,$0.51,32.48,$0.03,"4,600.00",$4.65,4/12/2022,,,
33,PH,Philippines,ASIA (EX. NEAR EAST),22,29.15,PHP,0.01772,$0.52,7.68,$0.14,119.80,$2.12,5/4/2022,,,
34,AU,Australia,OCEANIA,40,0.84,AUD,0.67161,$0.57,0.20,$0.13,9.90,$6.65,4/4/2022,,,
35,ES,Spain,WESTERN EUROPE,58,0.60,EUR,1.00021,$0.60,0.11,$0.11,49.00,$49.06,4/19/2022,,,
36,ME,Montenegro,EASTERN EUROPE,18,0.60,EUR,1.00021,$0.60,0.07,$0.07,2.98,$2.98,4/28/2022,,,
37,VN,Vietnam,ASIA (EX. NEAR EAST),25,"14,214.29",VND,0.00004,$0.61,"1,983.33",$0.08,"35,208.33",$1.51,5/20/2022,,,
38,SG,Singapore,ASIA (EX. NEAR EAST),20,0.86,SGD,0.71037,$0.61,0.10,$0.07,5.00,$3.55,5/12/2022,,,
39,LY,Libya,NORTHERN AFRICA,10,3.00,LYD,0.20372,$0.61,1.00,$0.20,10.00,$2.04,4/28/2022,,,
40,GH,Ghana,SUB-SAHARAN AFRICA,12,5.00,GHS,0.12272,$0.61,1.60,$0.20,10.00,$1.23,4/21/2022,,,
41,JO,Jordan,NEAR EAST,34,0.45,JOD,1.40787,$0.63,0.22,$0.31,1.00,$1.41,4/26/2022,,,
42,SO,Somalia,SUB-SAHARAN AFRICA,18,0.63,USD,1.00000,$0.63,0.30,$0.30,1.67,$1.67,5/12/2022,,,
43,MN,Mongolia,ASIA (EX. NEAR EAST),32,"1,805.56",MNT,0.00031,$0.67,500.00,$0.19,"50,000.00",$18.50,5/3/2022,,,
44,IQ,Iraq,NEAR EAST,36,"1,000.00",IQD,0.00068,$0.68,200.00,$0.14,"15,000.00",$10.21,4/25/2022,,,
45,MA,Morocco,NORTHERN AFRICA,21,7.07,MAD,0.09766,$0.69,4.45,$0.44,24.50,$2.39,4/28/2022,,,
46,RE,Réunion,SUB-SAHARAN AFRICA,9,0.70,EUR,1.00021,$0.70,0.32,$0.33,99.90,$100.02,5/6/2022,,,
47,NI,Nicaragua,CENTRAL AMERICA,10,25.42,NIO,0.02769,$0.70,20.00,$0.55,42.86,$1.19,5/24/2022,,,
48,NG,Nigeria,SUB-SAHARAN AFRICA,59,300.00,NGN,0.00237,$0.71,100.00,$0.24,"1,250.00",$2.96,5/4/2022,,,
49,KW,Kuwait,NEAR EAST,22,0.22,KWD,3.24525,$0.71,0.01,$0.03,30.00,$97.35,4/27/2022,,,
50,TZ,Tanzania,SUB-SAHARAN AFRICA,60,"1,666.67",TZS,0.00043,$0.71,833.33,$0.36,"24,997.50",$10.72,5/18/2022,,,
51,EH,Western Sahara,NORTHERN AFRICA,19,7.33,MAD,0.09766,$0.72,4.45,$0.44,24.50,$2.39,4/14/2022,,,
52,PF,French Polynesia,OCEANIA,16,83.77,XPF,0.00884,$0.74,54.44,$0.48,850.00,$7.51,5/4/2022,,,
53,TW,Taiwan,ASIA (EX. NEAR EAST),11,22.19,TWD,0.03345,$0.74,11.99,$0.40,66.33,$2.22,5/17/2022,,,
54,BR,Brazil,SOUTH AMERICA,45,3.99,BRL,0.18594,$0.74,0.50,$0.09,12.50,$2.32,4/7/2022,,,
55,SD,Sudan,SUB-SAHARAN AFRICA,44,340.30,SDG,0.00219,$0.75,14.89,$0.03,"6,407.70",$14.04,5/11/2022,,,
56,RS,Serbia,EASTERN EUROPE,16,88.92,RSD,0.00852,$0.76,14.99,$0.13,600.00,$5.12,5/6/2022,,,
57,HN,Honduras,CENTRAL AMERICA,15,0.76,USD,1.00000,$0.76,0.42,$0.42,1.63,$1.63,4/24/2022,,,
58,BY,Belarus,CIS (FORMER USSR),2,1.67,BYR,0.39000,$0.79,0.95,$0.45,2.40,$1.13,4/8/2022,,,
59,GB,United Kingdom,WESTERN EUROPE,58,0.67,GBP,1.18251,$0.79,0.10,$0.12,52.00,$61.52,4/20/2022,,,
60,SZ,Eswatini,SUB-SAHARAN AFRICA,6,14.38,SZL,0.05842,$0.84,6.67,$0.39,"1,000.00",$58.42,5/13/2022,,,
61,KE,Kenya,SUB-SAHARAN AFRICA,46,99.85,KES,0.00845,$0.84,28.57,$0.24,500.00,$4.23,4/26/2022,,,
62,MU,Mauritius,SUB-SAHARAN AFRICA,25,39.00,MUR,0.02232,$0.87,1.45,$0.03,400.00,$8.93,5/3/2022,,,
63,BG,Bulgaria,EASTERN EUROPE,13,1.75,BGN,0.51220,$0.90,0.30,$0.15,35.98,$18.41,4/5/2022,,,
64,AF,Afghanistan,ASIA (EX. NEAR EAST),53,79.96,AFN,0.01128,$0.90,25.00,$0.28,250.00,$2.82,3/16/2022,,,
65,AM,Armenia,CIS (FORMER USSR),11,375.00,AMD,0.00241,$0.91,163.33,$0.39,"1,000.00",$2.41,4/1/2022,,,
66,MK,Macedonia,EASTERN EUROPE,20,56.38,MKD,0.01627,$0.92,10.00,$0.16,300.00,$4.88,4/29/2022,,,
67,EG,Egypt,NORTHERN AFRICA,20,17.50,EGP,0.05295,$0.93,14.29,$0.76,25.00,$1.32,4/14/2022,,,
68,WS,Samoa,OCEANIA,28,2.50,WST,0.36574,$0.94,1.00,$0.37,14.97,$5.60,5/20/2022,,,
69,DO,Dominican Republic,CARIBBEAN,31,51.60,DOP,0.01815,$0.94,18.71,$0.34,"1,294.00",$23.48,4/14/2022,,,
70,AT,Austria,WESTERN EUROPE,12,0.94,EUR,1.00021,$0.94,0.13,$0.13,2.38,$2.38,5/24/2022,,,
71,TT,Trinidad and Tobago,CARIBBEAN,11,6.70,TTD,0.14614,$0.98,0.98,$0.14,22.29,$3.26,5/16/2022,,,
72,LA,Lao People's Democratic Republic,ASIA (EX. NEAR EAST),35,"15,000.00",LAK,0.00007,$0.99,"1,000.00",$0.07,"333,333.33",$22.03,4/27/2022,,,
73,ET,Ethiopia,SUB-SAHARAN AFRICA,5,52.50,ETB,0.01903,$1.00,42.00,$0.80,70.00,$1.33,4/19/2022,,,
74,EC,Ecuador,SOUTH AMERICA,31,1.00,USD,1.00000,$1.00,0.55,$0.55,4.00,$4.00,4/14/2022,,,
75,IS,Iceland,WESTERN EUROPE,15,140.00,ISK,0.00720,$1.01,20.38,$0.15,"2,190.00",$15.76,4/25/2022,,,
76,PE,Peru,SOUTH AMERICA,11,3.99,PEN,0.25390,$1.01,2.50,$0.63,4.98,$1.27,5/4/2022,,,
77,GE,Georgia,CIS (FORMER USSR),20,3.04,GEL,0.34014,$1.03,0.75,$0.26,8.57,$2.92,4/20/2022,,,
78,CG,Congo,SUB-SAHARAN AFRICA,43,"2,083.33",CDF,0.00050,$1.03,717.24,$0.36,"5,371.09",$2.67,5/23/2022,,,
79,KM,Comoros,SUB-SAHARAN AFRICA,17,500.00,KMF,0.00215,$1.08,416.67,$0.90,"2,000.00",$4.30,4/27/2022,,,
80,PY,Paraguay,SOUTH AMERICA,55,"7,500.00",PYG,0.00014,$1.08,277.78,$0.04,"35,000.00",$5.06,5/6/2022,,,
81,RW,Rwanda,SUB-SAHARAN AFRICA,13,"1,000.00",RWF,0.00097,$1.10,300.00,$0.33,"6,666.67",$7.33,5/11/2022,,,
82,GP,Guadeloupe,CARIBBEAN,13,1.10,EUR,1.00021,$1.10,0.35,$0.35,90.00,$90.11,4/22/2022,,,
83,MM,Myanmar,ASIA (EX. NEAR EAST),39,"2,078.29",MMK,0.00054,$1.11,"1,865.67",$1.00,"2,796.00",$1.50,5/3/2022,,,
84,DJ,Djibouti,SUB-SAHARAN AFRICA,7,200.00,DJF,0.00558,$1.12,83.33,$0.47,"5,000.00",$27.90,4/13/2022,,,
85,MO,Macau,ASIA (EX. NEAR EAST),9,9.20,MOP,0.12286,$1.13,5.53,$0.68,15.60,$1.92,5/3/2022,,,
86,DM,Dominica,CARIBBEAN,17,3.08,XCD,0.37002,$1.14,2.10,$0.78,5.67,$2.10,4/13/2022,,,
87,BH,Bahrain,NEAR EAST,22,0.44,BHD,2.65261,$1.17,0.23,$0.60,0.98,$2.59,4/6/2022,,,
88,LT,Lithuania,BALTICS,20,1.17,EUR,1.00021,$1.17,0.28,$0.28,10.20,$10.21,4/27/2022,,,
89,JE,Jersey,WESTERN EUROPE,13,1.00,GBP,1.18251,$1.18,0.40,$0.47,15.90,$18.81,4/25/2022,,,
90,TO,Tonga,OCEANIA,22,2.83,TOP,0.42290,$1.19,2.00,$0.85,20.00,$8.46,5/16/2022,,,
91,XK,Kosovo,EASTERN EUROPE,11,1.20,EUR,1.00021,$1.20,0.94,$0.94,1.99,$1.99,5/20/2022,,,
92,EE,Estonia,BALTICS,24,1.20,EUR,1.00021,$1.20,0.12,$0.12,99.80,$99.92,4/14/2022,,,
93,TN,Tunisia,NORTHERN AFRICA,16,3.71,TND,0.32533,$1.21,1.16,$0.38,11.46,$3.73,5/16/2022,,,
94,JM,Jamaica,CARIBBEAN,8,183.83,JMD,0.00658,$1.21,116.67,$0.77,570.00,$3.75,4/27/2022,,,
95,YT,Mayotte,SUB-SAHARAN AFRICA,8,1.23,EUR,1.00021,$1.23,0.10,$0.10,40.00,$40.05,5/20/2022,,,
96,HK,Hong Kong,ASIA (EX. NEAR EAST),31,9.80,HKD,0.12739,$1.25,1.99,$0.25,26.33,$3.35,4/24/2022,,,
97,GI,Gibraltar,WESTERN EUROPE,5,1.00,GIP,1.25800,$1.26,0.60,$0.75,1.67,$2.10,4/21/2022,,,
98,SL,Sierra Leone,SUB-SAHARAN AFRICA,41,"16,611.11",SLL,0.00008,$1.26,"4,000.00",$0.30,"1,600,000.00",$121.49,6/2/2022,,,
99,SV,El Salvador,CENTRAL AMERICA,42,1.27,USD,1.00000,$1.27,0.50,$0.50,20.00,$20.00,5/12/2022,,,
100,HU,Hungary,EASTERN EUROPE,22,525.00,HUF,0.00241,$1.27,50.60,$0.12,"2,830.00",$6.86,4/25/2022,,,
101,GT,Guatemala,CENTRAL AMERICA,30,10.00,GTQ,0.12820,$1.28,4.62,$0.59,16.67,$2.14,4/22/2022,,,
102,IR,Iran,ASIA (EX. NEAR EAST),60,"55,625.00",IRR,0.00002,$1.31,"22,000.00",$0.52,"450,000.00",$10.63,4/25/2022,,,
103,UG,Uganda,SUB-SAHARAN AFRICA,59,"5,000.00",UGX,0.00026,$1.32,"1,851.85",$0.49,"60,000.00",$15.81,5/19/2022,,,
104,MQ,Martinique,CARIBBEAN,12,1.33,EUR,1.00021,$1.33,0.35,$0.35,90.00,$90.11,5/3/2022,,,
105,MZ,Mozambique,SUB-SAHARAN AFRICA,51,85.23,MZN,0.01566,$1.33,12.50,$0.20,"4,990.00",$78.13,5/3/2022,,,
106,ZM,Zambia,SUB-SAHARAN AFRICA,47,20.00,ZMW,0.06800,$1.36,6.67,$0.45,450.00,$30.60,5/23/2022,,,
107,GG,Guernsey,WESTERN EUROPE,11,1.21,GBP,1.18251,$1.43,0.40,$0.48,15.15,$17.92,4/20/2022,,,
108,AR,Argentina,SOUTH AMERICA,26,188.75,ARS,0.00785,$1.48,60.00,$0.47,440.00,$3.45,4/4/2022,,,
109,GF,French Guiana,SOUTH AMERICA,15,1.50,EUR,1.00021,$1.50,0.35,$0.35,90.00,$90.11,4/20/2022,,,
110,MG,Madagascar,SUB-SAHARAN AFRICA,44,"6,250.00",MGA,0.00024,$1.52,588.24,$0.14,"50,000.00",$12.13,4/29/2022,,,
111,SA,Saudi Arabia,NEAR EAST,24,5.72,SAR,0.26642,$1.52,2.29,$0.61,40.25,$10.72,5/11/2022,,,
112,GW,Guinea-Bissau,SUB-SAHARAN AFRICA,11,"1,000.00",XOF,0.00153,$1.53,714.29,$1.09,"3,333.33",$5.10,4/22/2022,,,
113,SN,Senegal,SUB-SAHARAN AFRICA,28,"1,000.00",XOF,0.00153,$1.53,285.71,$0.44,"5,000.00",$7.65,5/12/2022,,,
114,CM,Cameroon,SUB-SAHARAN AFRICA,24,"1,000.00",XAF,0.00153,$1.53,333.33,$0.51,"3,600.00",$5.51,4/11/2022,,,
115,BL,Saint Barthélemy (St. Barts),CARIBBEAN,14,1.55,EUR,1.00021,$1.55,0.50,$0.50,90.00,$90.11,4/6/2022,,,
116,IE,Ireland,WESTERN EUROPE,18,1.58,EUR,1.00021,$1.58,0.50,$0.50,15.00,$15.02,4/25/2022,,,
117,SI,Slovenia,EASTERN EUROPE,12,1.61,EUR,1.00021,$1.62,0.32,$0.32,9.88,$9.89,5/11/2022,,,
118,PW,Palau,OCEANIA,9,1.67,USD,1.00000,$1.67,1.00,$1.00,2.50,$2.50,5/6/2022,,,
119,VU,Vanuatu,OCEANIA,25,200.00,VUV,0.00843,$1.70,88.89,$0.75,"2,000.00",$16.98,5/20/2022,,,
120,BN,Brunei Darussalam,ASIA (EX. NEAR EAST),35,2.40,BND,0.70796,$1.70,1.67,$1.18,10.00,$7.08,4/6/2022,,,
121,GN,Guinea,SUB-SAHARAN AFRICA,26,"15,192.31",GNF,0.00011,$1.74,"10,000.00",$1.14,"32,666.67",$3.73,4/21/2022,,,
122,AZ,Azerbaijan,CIS (FORMER USSR),27,3.00,AZN,0.58824,$1.76,0.60,$0.35,16.67,$9.80,4/4/2022,,,
123,SR,Suriname,SOUTH AMERICA,10,40.04,SRD,0.04450,$1.78,6.49,$0.29,63.79,$2.84,5/12/2022,,,
124,HR,Croatia,EASTERN EUROPE,19,13.85,HRK,0.13304,$1.84,3.23,$0.43,166.67,$22.21,4/24/2022,,,
125,NE,Niger,SUB-SAHARAN AFRICA,32,"1,208.33",XOF,0.00153,$1.85,500.00,$0.77,"5,000.00",$7.65,5/4/2022,,,
126,KN,Saint Kitts and Nevis,CARIBBEAN,21,5.00,XCD,0.37002,$1.85,3.00,$1.11,10.00,$3.70,4/27/2022,,,
127,BI,Burundi,SUB-SAHARAN AFRICA,37,"3,846.15",BIF,0.00048,$1.86,769.08,$0.37,"10,000.00",$4.82,4/6/2022,,,
128,SE,Sweden,WESTERN EUROPE,13,19.93,SEK,0.09387,$1.88,5.98,$0.56,76.33,$7.18,5/11/2022,,,
129,NL,The Netherlands,WESTERN EUROPE,45,1.90,EUR,1.00021,$1.90,0.58,$0.58,140.00,$140.17,5/4/2022,,,
130,PR,Puerto Rico,CARIBBEAN,7,1.93,USD,1.00000,$1.93,1.00,$1.00,4.00,$4.00,5/5/2022,,,
131,TJ,Tajikistan,CIS (FORMER USSR),22,20.61,TJS,0.09434,$1.94,9.95,$0.94,150.00,$14.15,5/16/2022,,,
132,FO,Faroe Islands,WESTERN EUROPE,13,14.53,DKK,0.13444,$1.96,6.96,$0.94,157.00,$21.13,4/19/2022,,,
133,GU,Guam,OCEANIA,7,2.00,USD,1.00000,$2.00,1.17,$1.17,2.17,$2.17,4/22/2022,,,
134,LU,Luxembourg,WESTERN EUROPE,16,2.00,EUR,1.00021,$2.00,0.73,$0.73,7.00,$7.01,4/28/2022,,,
135,ZA,South Africa,SUB-SAHARAN AFRICA,57,34.92,ZAR,0.05829,$2.04,1.20,$0.07,379.00,$22.12,5/23/2022,,,
136,PS,"Palestine, State of",NEAR EAST,22,7.17,ILS,0.28652,$2.05,1.48,$0.42,55.00,$15.77,5/23/2022,,,
137,TL,Timor-Leste,ASIA (EX. NEAR EAST),41,2.16,USD,1.00000,$2.16,1.25,$1.25,11.67,$11.67,5/16/2022,,,
138,CR,Costa Rica,CENTRAL AMERICA,29,"1,500.00",CRC,0.00145,$2.17,960.00,$1.39,"6,666.67",$9.64,4/13/2022,,,
139,LS,Lesotho,SUB-SAHARAN AFRICA,29,37.60,LSL,0.05843,$2.20,19.00,$1.11,100.00,$5.84,4/27/2022,,,
140,GD,Grenada,CARIBBEAN,13,6.00,XCD,0.37002,$2.22,1.00,$0.37,12.00,$4.44,4/20/2022,,,
141,VC,Saint Vincent and the Grenadines,CARIBBEAN,13,6.00,XCD,0.37002,$2.22,3.57,$1.32,10.00,$3.70,5/19/2022,,,
142,VE,Venezuela,SOUTH AMERICA,13,6.00,XCD,0.37002,$2.22,3.57,$1.32,10.00,$3.70,5/19/2022,,,
143,BO,Bolivia,SOUTH AMERICA,40,15.47,BOB,0.14431,$2.23,6.00,$0.87,50.00,$7.22,4/7/2022,,,
144,BJ,Benin,SUB-SAHARAN AFRICA,20,"1,483.52",XOF,0.00153,$2.27,"1,000.00",$1.53,"33,333.33",$51.02,4/6/2022,,,
145,MV,Maldives,ASIA (EX. NEAR EAST),54,35.29,MVR,0.06515,$2.30,7.14,$0.47,400.00,$26.06,5/3/2022,,,
146,AO,Angola,SUB-SAHARAN AFRICA,24,"1,000.00",AOA,0.00233,$2.33,400.00,$0.93,"2,000.00",$4.65,4/1/2022,,,
147,MP,Northern Mariana Islands,OCEANIA,2,2.33,USD,1.00000,$2.33,2.00,$2.00,2.67,$2.67,5/24/2022,,,
148,AS,American Samoa,OCEANIA,29,2.33,USD,1.00000,$2.33,1.00,$1.00,14.97,$14.97,4/3/2022,,,
149,MW,Malawi,SUB-SAHARAN AFRICA,30,"2,500.00",MWK,0.00097,$2.42,625.00,$0.60,"20,000.00",$19.33,5/3/2022,,,
150,MF,Saint-Martin (France),CARIBBEAN,23,2.49,EUR,1.00021,$2.49,0.50,$0.50,90.00,$90.11,4/29/2022,,,
151,SS,South Sudan,SUB-SAHARAN AFRICA,58,327.29,SSP,0.00768,$2.51,55.70,$0.43,"5,486.40",$42.14,5/12/2022,,,
152,MS,Montserrat,CARIBBEAN,9,7.00,XCD,0.37002,$2.59,2.50,$0.93,16.00,$5.92,5/3/2022,,,
153,SK,Slovakia,EASTERN EUROPE,17,2.60,EUR,1.00021,$2.60,0.25,$0.25,32.00,$32.04,5/12/2022,,,
154,PG,Papua New Guinea,OCEANIA,36,9.38,PGK,0.27833,$2.61,1.49,$0.42,33.33,$9.28,5/4/2022,,,
155,LR,Liberia,SUB-SAHARAN AFRICA,37,2.63,USD,1.00000,$2.63,1.67,$1.67,14.50,$14.50,4/27/2022,,,
156,DE,Germany,WESTERN EUROPE,60,2.66,EUR,1.00021,$2.67,0.50,$0.50,7.90,$7.91,4/13/2022,,,
157,AL,Albania,EASTERN EUROPE,13,314.29,ALL,0.00857,$2.69,64.52,$0.55,"10,000.00",$85.72,4/1/2022,,,
158,LC,Saint Lucia,CARIBBEAN,14,7.33,XCD,0.37002,$2.71,3.94,$1.46,12.00,$4.44,4/27/2022,,,
159,CK,Cook Islands,OCEANIA,4,4.45,NZD,0.61036,$2.72,2.13,$1.30,9.80,$5.98,4/11/2022,,,
160,MR,Mauritania,NORTHERN AFRICA,17,100.00,MRO,0.02738,$2.74,100.00,$2.74,"1,000.00",$27.38,5/3/2022,,,
161,PM,St. Pierre and Miquelon,CARIBBEAN,4,2.74,EUR,1.00021,$2.75,0.50,$0.50,19.90,$19.92,5/5/2022,,,
162,ML,Mali,SUB-SAHARAN AFRICA,19,"1,800.00",XOF,0.00153,$2.76,370.37,$0.57,"25,000.00",$38.27,4/29/2022,,,
163,BA,Bosnia and Herzegovina,EASTERN EUROPE,23,5.48,BAM,0.51337,$2.82,1.00,$0.51,125.00,$64.17,4/4/2022,,,
164,MX,Mexico,CENTRAL AMERICA,26,60.33,MXN,0.04782,$2.89,25.75,$1.23,166.33,$7.96,5/3/2022,,,
165,OM,Oman,NEAR EAST,43,1.13,OMR,2.59739,$2.92,0.60,$1.56,4.00,$10.39,5/4/2022,,,
166,BZ,Belize,CENTRAL AMERICA,25,6.00,BZD,0.49283,$2.96,2.61,$1.28,30.00,$14.78,4/8/2022,,,
167,MT,Malta,WESTERN EUROPE,14,2.97,EUR,1.00021,$2.97,1.00,$1.00,49.90,$49.96,5/3/2022,,,
168,PA,Panama,CENTRAL AMERICA,12,3.00,PAB,0.99342,$2.98,0.83,$0.83,5.71,$5.68,5/4/2022,,,
169,LB,Lebanon,NEAR EAST,14,3.00,USD,1.00000,$3.00,0.97,$0.97,22.40,$22.40,5/13/2022,,,
170,LV,Latvia,BALTICS,11,3.00,EUR,1.00021,$3.00,0.67,$0.67,47.50,$47.56,4/28/2022,,,
171,BE,Belgium,WESTERN EUROPE,45,3.00,EUR,1.00021,$3.00,0.52,$0.52,18.00,$18.02,4/5/2022,,,
172,CZ,Czech Republic,EASTERN EUROPE,36,73.88,CZK,0.04064,$3.01,21.65,$0.88,449.00,$18.27,4/13/2022,,,
173,CI,Côte d'Ivoire,SUB-SAHARAN AFRICA,25,"2,000.00",XOF,0.00153,$3.06,500.00,$0.77,"10,000.00",$15.31,4/11/2022,,,
174,CU,Cuba,CARIBBEAN,8,75.00,CUP,0.04137,$3.10,41.67,$1.72,125.00,$5.17,4/13/2022,,,
175,CC,Cocos (Keeling) Islands,OCEANIA,2,4.75,AUD,0.67161,$3.19,4.50,$3.02,5.00,$3.36,4/11/2022,,,
176,SX,Sint Maarten,CARIBBEAN,32,5.81,ANG,0.55127,$3.20,0.57,$0.32,12.45,$6.86,5/12/2022,,,
177,GL,Greenland,NORTHERN AMERICA,3,24.95,DKK,0.13444,$3.36,9.98,$1.34,71.80,$9.66,4/21/2022,,,
178,KI,Kiribati,OCEANIA,8,5.00,AUD,0.67161,$3.36,4.00,$2.69,6.25,$4.20,4/29/2022,,,
179,AI,Anguilla,CARIBBEAN,16,9.17,XCD,0.37002,$3.39,3.00,$1.11,16.00,$5.92,4/1/2022,,,
180,PT,Portugal,WESTERN EUROPE,16,3.67,EUR,1.00021,$3.67,1.00,$1.00,60.00,$60.07,5/5/2022,,,
181,BF,Burkina Faso,SUB-SAHARAN AFRICA,43,"2,500.00",XOF,0.00153,$3.83,999.00,$1.53,"10,000.00",$15.31,4/5/2022,,,
182,JP,Japan,ASIA (EX. NEAR EAST),22,528.26,JPY,0.00729,$3.85,151.20,$1.10,"4,950.00",$36.07,4/26/2022,,,
183,GA,Gabon,SUB-SAHARAN AFRICA,24,"2,583.33",XOF,0.00153,$3.95,781.25,$1.20,"10,000.00",$15.31,4/20/2022,,,
184,AG,Antigua and Barbuda,CARIBBEAN,28,10.92,XCD,0.37002,$4.04,0.50,$0.18,34.00,$12.58,3/16/2022,,,
185,LI,Liechtenstein,WESTERN EUROPE,7,3.98,CHF,1.01481,$4.04,0.20,$0.20,22.50,$22.86,5/23/2022,,,
186,ZW,Zimbabwe,SUB-SAHARAN AFRICA,17,4.26,USD,1.00000,$4.26,1.73,$1.73,12.92,$12.92,5/24/2022,,,
187,AE,United Arab Emirates,NEAR EAST,28,15.76,AED,0.27225,$4.29,4.38,$1.19,41.48,$11.29,3/16/2022,,,
188,CV,Cape Verde,SUB-SAHARAN AFRICA,16,472.50,CVE,0.00911,$4.30,250.00,$2.28,"4,500.00",$40.98,4/13/2022,,,
189,NO,Norway,WESTERN EUROPE,8,45.49,NOK,0.09745,$4.44,22.45,$2.19,124.50,$12.14,5/4/2022,,,
190,GY,Guyana,SOUTH AMERICA,16,940.67,GYD,0.00475,$4.47,730.00,$3.47,"1,733.33",$8.24,4/24/2022,,,
191,VI,Virgin Islands (U.S.),CARIBBEAN,2,4.56,USD,1.00000,$4.56,3.13,$3.13,6.00,$6.00,5/20/2022,,,
192,GM,Gambia,SUB-SAHARAN AFRICA,20,248.75,GMD,0.01849,$4.60,121.25,$2.24,520.00,$9.61,4/21/2022,,,
193,BM,Bermuda,NORTHERN AMERICA,17,5.00,BMD,1.00000,$5.00,1.00,$1.00,19.00,$19.00,4/6/2022,,,
194,IO,British Indian Ocean Territory,ASIA (EX. NEAR EAST),5,5.00,USD,1.00000,$5.00,4.17,$4.17,7.14,$7.14,4/25/2022,,,
195,TD,Chad,SUB-SAHARAN AFRICA,24,"3,333.33",XAF,0.00153,$5.10,"1,250.00",$1.91,"25,000.00",$38.27,5/13/2022,,,
196,NC,New Caledonia,OCEANIA,6,586.67,XPF,0.00884,$5.18,215.00,$1.90,"1,980.00",$17.50,5/4/2022,,,
197,AW,Aruba,CARIBBEAN,11,9.43,AWG,0.55633,$5.25,1.19,$0.66,16.12,$8.97,4/4/2022,,,
198,GR,Greece,EASTERN EUROPE,10,5.30,EUR,1.00021,$5.30,0.95,$0.95,23.57,$23.60,4/22/2022,,,
199,CY,Cyprus,NEAR EAST,19,5.33,EUR,1.00021,$5.34,0.40,$0.40,133.33,$133.49,4/13/2022,,,
200,NR,Nauru,OCEANIA,5,7.97,AUD,0.67161,$5.36,4.02,$2.70,10.00,$6.72,5/24/2022,,,
201,BS,Bahamas,CARIBBEAN,15,5.50,BSD,0.99287,$5.46,1.10,$1.09,10.00,$9.93,4/8/2022,,,
202,US,United States,NORTHERN AMERICA,42,5.62,USD,1.00000,$5.62,1.67,$1.67,120.60,$120.60,5/19/2022,,,
203,AX,Åland Islands,WESTERN EUROPE,2,5.72,EUR,1.00021,$5.72,3.98,$3.98,7.45,$7.46,4/4/2022,,,
204,CA,Canada,NORTHERN AMERICA,52,7.75,CAD,0.76646,$5.94,2.17,$1.66,60.00,$46.02,4/28/2022,,,
205,FI,Finland,WESTERN EUROPE,9,6.00,EUR,1.00021,$6.01,2.38,$2.38,9.98,$9.99,4/29/2022,,,
206,BQ,Caribbean Netherlands,CARIBBEAN,26,11.15,ANG,0.55127,$6.15,4.00,$2.21,35.57,$19.61,4/7/2022,,,
207,AD,Andorra,WESTERN EUROPE,7,6.33,EUR,1.00021,$6.34,0.90,$0.90,55.00,$55.07,3/16/2022,,,
208,CW,Curaçao,CARIBBEAN,26,11.82,ANG,0.55127,$6.51,1.67,$0.92,35.57,$19.61,4/13/2022,,,
209,FM,Micronesia (Federated States of),OCEANIA,7,6.63,EUR,1.00021,$6.64,0.83,$0.83,50.00,$50.06,4/19/2022,,,
210,NZ,New Zealand,OCEANIA,45,11.00,NZD,0.61036,$6.72,1.58,$0.96,50.00,$30.53,5/4/2022,,,
211,SB,Solomon Islands,OCEANIA,31,55.00,SBD,0.12255,$6.74,7.00,$0.86,73.33,$8.99,5/11/2022,,,
212,BB,Barbados,CARIBBEAN,10,13.75,BBD,0.49199,$6.76,11.00,$5.41,22.50,$11.07,4/5/2022,,,
213,QA,Qatar,NEAR EAST,7,25.00,QAR,0.27465,$6.87,15.00,$4.12,30.00,$8.24,5/6/2022,,,
214,VG,Virgin Islands (British),CARIBBEAN,17,6.88,USD,1.00000,$6.88,3.38,$3.38,17.50,$17.50,5/20/2022,,,
215,TC,Turks and Caicos Islands,CARIBBEAN,11,7.00,USD,1.00000,$7.00,5.50,$5.50,8.60,$8.60,5/13/2022,,,
216,CH,Switzerland,WESTERN EUROPE,15,7.25,CHF,1.01481,$7.37,0.50,$0.51,20.00,$20.32,4/11/2022,,,
217,TV,Tuvalu,OCEANIA,7,11.11,AUD,0.67161,$7.47,4.00,$2.69,13.33,$8.96,5/17/2022,,,
218,SY,Syria,NEAR EAST,10,"4,416.67",SYP,0.00040,$8.57,"2,600.00",$5.04,"20,000.00",$38.80,5/12/2022,,,
219,CF,Central African Republic,SUB-SAHARAN AFRICA,14,"5,833.33",XOF,0.00153,$8.93,"1,666.67",$2.55,"16,666.67",$25.51,4/11/2022,,,
220,GQ,Equatorial Guinea,SUB-SAHARAN AFRICA,7,"6,250.00",XAF,0.00153,$9.57,"2,857.14",$4.37,"10,000.00",$15.31,4/29/2022,,,
221,KY,Cayman Islands,CARIBBEAN,13,8.75,KYD,1.19198,$10.43,3.00,$3.58,15.00,$17.88,4/27/2022,,,
222,NA,Namibia,SUB-SAHARAN AFRICA,31,156.67,NAD,0.06716,$10.52,20.32,$1.36,402.50,$27.03,5/4/2022,,,
223,IM,Isle of Man,WESTERN EUROPE,8,10.25,GBP,1.18251,$12.13,0.34,$0.40,20.00,$23.66,4/25/2022,,,
224,KR,South Korea,ASIA (EX. NEAR EAST),9,"16,463.33",KRW,0.00076,$12.55,735.00,$0.56,"109,633.33",$83.54,4/27/2022,,,
225,SC,Seychelles,SUB-SAHARAN AFRICA,19,162.43,SCR,0.07778,$12.66,42.54,$3.32,489.57,$38.16,5/11/2022,,,
226,TG,Togo,SUB-SAHARAN AFRICA,16,"8,452.38",XOF,0.00153,$12.94,"4,500.00",$6.89,"15,000.00",$22.96,5/16/2022,,,
227,TM,Turkmenistan,CIS (FORMER USSR),9,50.00,TMT,0.28542,$14.27,25.00,$7.14,106.67,$30.44,5/16/2022,,,
228,BW,Botswana,SUB-SAHARAN AFRICA,9,199.00,BWP,0.07814,$15.55,119.80,$9.36,400.00,$31.26,4/8/2022,,,
229,YE,Yemen,NEAR EAST,20,"4,150.00",YER,0.00400,$16.58,"1,000.00",$4.00,"11,000.00",$43.96,5/20/2022,,,
230,TK,Tokelau,OCEANIA,6,29.27,NZD,0.61036,$17.88,22.22,$13.57,40.00,$24.43,5/16/2022,,,
231,ST,São Tomé and Príncipe,SUB-SAHARAN AFRICA,13,66.67,STN,0.04193,$29.49,30.00,$13.27,366.67,$162.20,5/12/2022,,,
232,FK,Falkland Islands,SOUTH AMERICA,4,32.50,FKP,1.18251,$38.45,21.67,$25.63,60.00,$70.99,4/19/2022,,,
233,SH,Saint Helena,SUB-SAHARAN AFRICA,4,31.94,SHP,1.18834,$41.06,30.90,$39.73,41.20,$52.97,5/11/2022,,,
,,,,,,,,,,,,,,,,
,,,,,,,,,,,,,,,,
,,,,,,,,,,,,,,,,
,,,,,,,,,,,,,,,,
,,,,,,,,,,,,,,,,
,,,,,,,,,,,,,,,,
,,,,,,,,,,,,,,,,
,,,,,,,,,,,,,,,,
,,,,,,,,,,,,,,,,
,,,,,,,,,,,,,,,,
,,,,,,,,,,,,,,,,
,,,,,,,,,,,,,,,,
,,,,,,,,,,,,,,,,
,,,,,,,,,,,,,,,,
,,,,,,,,,,,,,,,,
,,,,,,,,,,,,,,,,
,,,,,,,,,,,,,,,,
,,,,,,,,,,,,,,,,
,,,,,,,,,,,,,,,,
,,,,,,,,,,,,,,,,
,,,,,,,,,,,,,,,,
,,,,,,,,,,,,,,,,
,,,,,,,,,,,,,,,,
,,,,,,,,,,,,,,,,
,,,,,,,,,,,,,,,,
,,,,,,,,,,,,,,,,
,,,,,,,,,,,,,,,,
,,,,,,,,,,,,,,,,
,,,,,,,,,,,,,,,,
,,,,,,,,,,,,,,,,
,,,,,,,,,,,,,,,,
,,,,,,,,,,,,,,,,
,,,,,,,,,,,,,,,,
,,,,,,,,,,,,,,,,
,,,,,,,,,,,,,,,,
,,,,,,,,,,,,,,,,
,,,,,,,,,,,,,,,,
,,,,,,,,,,,,,,,,
,,,,,,,,,,,,,,,,
,,,,,,,,,,,,,,,,
,,,,,,,,,,,,,,,,
,,,,,,,,,,,,,,,,
,,,,,,,,,,,,,,,,
,,,,,,,,,,,,,,,,
,,,,,,,,,,,,,,,,
,,,,,,,,,,,,,,,,
,,,,,,,,,,,,,,,,
,,,,,,,,,,,,,,,,
,,,,,,,,,,,,,,,,
,,,,,,,,,,,,,,,,
,,,,,,,,,,,,,,,,
,,,,,,,,,,,,,,,,
,,,,,,,,,,,,,,,,
,,,,,,,,,,,,,,,,
,,,,,,,,,,,,,,,,
,,,,,,,,,,,,,,,,
,,,,,,,,,,,,,,,,
,,,,,,,,,,,,,,,,
,,,,,,,,,,,,,,,,
,,,,,,,,,,,,,,,,
,,,,,,,,,,,,,,,,
,,,,,,,,,,,,,,,,
,,,,,,,,,,,,,,,,
,,,,,,,,,,,,,,,,
,,,,,,,,,,,,,,,,
,,,,,,,,,,,,,,,,
,,,,,,,,,,,,,,,,
,,,,,,,,,,,,,,,,
,,,,,,,,,,,,,,,,
,,,,,,,,,,,,,,,,
,,,,,,,,,,,,,,,,
,,,,,,,,,,,,,,,,
,,,,,,,,,,,,,,,,
,,,,,,,,,,,,,,,,
,,,,,,,,,,,,,,,,
,,,,,,,,,,,,,,,,
,,,,,,,,,,,,,,,,
,,,,,,,,,,,,,,,,
,,,,,,,,,,,,,,,,
,,,,,,,,,,,,,,,,
,,,,,,,,,,,,,,,,
,,,,,,,,,,,,,,,,
,,,,,,,,,,,,,,,,
,,,,,,,,,,,,,,,,
,,,,,,,,,,,,,,,,
,,,,,,,,,,,,,,,,
,,,,,,,,,,,,,,,,
,,,,,,,,,,,,,,,,
,,,,,,,,,,,,,,,,
,,,,,,,,,,,,,,,,
,,,,,,,,,,,,,,,,
,,,,,,,,,,,,,,,,
,,,,,,,,,,,,,,,,
,,,,,,,,,,,,,,,,
,,,,,,,,,,,,,,,,
,,,,,,,,,,,,,,,,
,,,,,,,,,,,,,,,,
,,,,,,,,,,,,,,,,
,,,,,,,,,,,,,,,,
,,,,,,,,,,,,,,,,
,,,,,,,,,,,,,,,,
,,,,,,,,,,,,,,,,
,,,,,,,,,,,,,,,,
,,,,,,,,,,,,,,,,
,,,,,,,,,,,,,,,,
,,,,,,,,,,,,,,,,
,,,,,,,,,,,,,,,,
,,,,,,,,,,,,,,,,
,,,,,,,,,,,,,,,,
,,,,,,,,,,,,,,,,
,,,,,,,,,,,,,,,,
,,,,,,,,,,,,,,,,
,,,,,,,,,,,,,,,,
,,,,,,,,,,,,,,,,
,,,,,,,,,,,,,,,,
,,,,,,,,,,,,,,,,
,,,,,,,,,,,,,,,,
,,,,,,,,,,,,,,,,
,,,,,,,,,,,,,,,,
,,,,,,,,,,,,,,,,
,,,,,,,,,,,,,,,,
,,,,,,,,,,,,,,,,
,,,,,,,,,,,,,,,,
,,,,,,,,,,,,,,,,
,,,,,,,,,,,,,,,,
,,,,,,,,,,,,,,,,
,,,,,,,,,,,,,,,,
,,,,,,,,,,,,,,,,
,,,,,,,,,,,,,,,,
,,,,,,,,,,,,,,,,
,,,,,,,,,,,,,,,,
,,,,,,,,,,,,,,,,
,,,,,,,,,,,,,,,,
,,,,,,,,,,,,,,,,
,,,,,,,,,,,,,,,,
,,,,,,,,,,,,,,,,
,,,,,,,,,,,,,,,,
,,,,,,,,,,,,,,,,
,,,,,,,,,,,,,,,,
,,,,,,,,,,,,,,,,
,,,,,,,,,,,,,,,,
,,,,,,,,,,,,,,,,
,,,,,,,,,,,,,,,,
,,,,,,,,,,,,,,,,
,,,,,,,,,,,,,,,,
,,,,,,,,,,,,,,,,
,,,,,,,,,,,,,,,,
,,,,,,,,,,,,,,,,
,,,,,,,,,,,,,,,,
,,,,,,,,,,,,,,,,
,,,,,,,,,,,,,,,,
,,,,,,,,,,,,,,,,
,,,,,,,,,,,,,,,,
,,,,,,,,,,,,,,,,
,,,,,,,,,,,,,,,,
,,,,,,,,,,,,,,,,
,,,,,,,,,,,,,,,,
,,,,,,,,,,,,,,,,
,,,,,,,,,,,,,,,,
,,,,,,,,,,,,,,,,
,,,,,,,,,,,,,,,,
,,,,,,,,,,,,,,,,
,,,,,,,,,,,,,,,,
,,,,,,,,,,,,,,,,
,,,,,,,,,,,,,,,,
,,,,,,,,,,,,,,,,
,,,,,,,,,,,,,,,,
,,,,,,,,,,,,,,,,
,,,,,,,,,,,,,,,,
,,,,,,,,,,,,,,,,
,,,,,,,,,,,,,,,,
,,,,,,,,,,,,,,,,
,,,,,,,,,,,,,,,,
,,,,,,,,,,,,,,,,
,,,,,,,,,,,,,,,,
,,,,,,,,,,,,,,,,
,,,,,,,,,,,,,,,,
,,,,,,,,,,,,,,,,
,,,,,,,,,,,,,,,,
,,,,,,,,,,,,,,,,
,,,,,,,,,,,,,,,,
,,,,,,,,,,,,,,,,
,,,,,,,,,,,,,,,,
,,,,,,,,,,,,,,,,
,,,,,,,,,,,,,,,,
,,,,,,,,,,,,,,,,
,,,,,,,,,,,,,,,,
,,,,,,,,,,,,,,,,
,,,,,,,,,,,,,,,,
,,,,,,,,,,,,,,,,
,,,,,,,,,,,,,,,,
,,,,,,,,,,,,,,,,
,,,,,,,,,,,,,,,,
,,,,,,,,,,,,,,,,
,,,,,,,,,,,,,,,,
,,,,,,,,,,,,,,,,
,,,,,,,,,,,,,,,,
,,,,,,,,,,,,,,,,
,,,,,,,,,,,,,,,,
,,,,,,,,,,,,,,,,
,,,,,,,,,,,,,,,,
,,,,,,,,,,,,,,,,
,,,,,,,,,,,,,,,,
,,,,,,,,,,,,,,,,
,,,,,,,,,,,,,,,,
,,,,,,,,,,,,,,,,
,,,,,,,,,,,,,,,,
,,,,,,,,,,,,,,,,
,,,,,,,,,,,,,,,,
,,,,,,,,,,,,,,,,
,,,,,,,,,,,,,,,,
,,,,,,,,,,,,,,,,
,,,,,,,,,,,,,,,,
,,,,,,,,,,,,,,,,
,,,,,,,,,,,,,,,,
,,,,,,,,,,,,,,,,
,,,,,,,,,,,,,,,,
,,,,,,,,,,,,,,,,
,,,,,,,,,,,,,,,,
,,,,,,,,,,,,,,,,
,,,,,,,,,,,,,,,,
,,,,,,,,,,,,,,,,
,,,,,,,,,,,,,,,,
,,,,,,,,,,,,,,,,
,,,,,,,,,,,,,,,,
,,,,,,,,,,,,,,,,
,,,,,,,,,,,,,,,,
,,,,,,,,,,,,,,,,
,,,,,,,,,,,,,,,,
,,,,,,,,,,,,,,,,
,,,,,,,,,,,,,,,,
,,,,,,,,,,,,,,,,
,,,,,,,,,,,,,,,,
,,,,,,,,,,,,,,,,
,,,,,,,,,,,,,,,,
,,,,,,,,,,,,,,,,
,,,,,,,,,,,,,,,,
,,,,,,,,,,,,,,,,
,,,,,,,,,,,,,,,,
,,,,,,,,,,,,,,,,
,,,,,,,,,,,,,,,,
,,,,,,,,,,,,,,,,
,,,,,,,,,,,,,,,,
,,,,,,,,,,,,,,,,
,,,,,,,,,,,,,,,,
,,,,,,,,,,,,,,,,
,,,,,,,,,,,,,,,,
,,,,,,,,,,,,,,,,
,,,,,,,,,,,,,,,,
,,,,,,,,,,,,,,,,
,,,,,,,,,,,,,,,,
,,,,,,,,,,,,,,,,
,,,,,,,,,,,,,,,,
,,,,,,,,,,,,,,,,
,,,,,,,,,,,,,,,,
,,,,,,,,,,,,,,,,
,,,,,,,,,,,,,,,,
,,,,,,,,,,,,,,,,
,,,,,,,,,,,,,,,,
,,,,,,,,,,,,,,,,
,,,,,,,,,,,,,,,,
,,,,,,,,,,,,,,,,
,,,,,,,,,,,,,,,,
,,,,,,,,,,,,,,,,
,,,,,,,,,,,,,,,,
,,,,,,,,,,,,,,,,
,,,,,,,,,,,,,,,,
,,,,,,,,,,,,,,,,
,,,,,,,,,,,,,,,,
,,,,,,,,,,,,,,,,
,,,,,,,,,,,,,,,,
,,,,,,,,,,,,,,,,
,,,,,,,,,,,,,,,,
,,,,,,,,,,,,,,,,
,,,,,,,,,,,,,,,,
,,,,,,,,,,,,,,,,
,,,,,,,,,,,,,,,,
,,,,,,,,,,,,,,,,
,,,,,,,,,,,,,,,,
,,,,,,,,,,,,,,,,
,,,,,,,,,,,,,,,,
,,,,,,,,,,,,,,,,
,,,,,,,,,,,,,,,,
,,,,,,,,,,,,,,,,
,,,,,,,,,,,,,,,,
,,,,,,,,,,,,,,,,
,,,,,,,,,,,,,,,,
,,,,,,,,,,,,,,,,
,,,,,,,,,,,,,,,,
,,,,,,,,,,,,,,,,
,,,,,,,,,,,,,,,,
,,,,,,,,,,,,,,,,
,,,,,,,,,,,,,,,,
,,,,,,,,,,,,,,,,
,,,,,,,,,,,,,,,,
,,,,,,,,,,,,,,,,
,,,,,,,,,,,,,,,,
,,,,,,,,,,,,,,,,
,,,,,,,,,,,,,,,,
,,,,,,,,,,,,,,,,
,,,,,,,,,,,,,,,,
,,,,,,,,,,,,,,,,
,,,,,,,,,,,,,,,,
,,,,,,,,,,,,,,,,
,,,,,,,,,,,,,,,,
,,,,,,,,,,,,,,,,
,,,,,,,,,,,,,,,,
,,,,,,,,,,,,,,,,
,,,,,,,,,,,,,,,,
,,,,,,,,,,,,,,,,
,,,,,,,,,,,,,,,,
,,,,,,,,,,,,,,,,
,,,,,,,,,,,,,,,,
,,,,,,,,,,,,,,,,
,,,,,,,,,,,,,,,,
,,,,,,,,,,,,,,,,
,,,,,,,,,,,,,,,,
,,,,,,,,,,,,,,,,
,,,,,,,,,,,,,,,,
,,,,,,,,,,,,,,,,
,,,,,,,,,,,,,,,,
,,,,,,,,,,,,,,,,
,,,,,,,,,,,,,,,,
,,,,,,,,,,,,,,,,
,,,,,,,,,,,,,,,,
,,,,,,,,,,,,,,,,
,,,,,,,,,,,,,,,,
,,,,,,,,,,,,,,,,
,,,,,,,,,,,,,,,,
,,,,,,,,,,,,,,,,
,,,,,,,,,,,,,,,,
,,,,,,,,,,,,,,,,
,,,,,,,,,,,,,,,,
,,,,,,,,,,,,,,,,
,,,,,,,,,,,,,,,,
,,,,,,,,,,,,,,,,
,,,,,,,,,,,,,,,,
,,,,,,,,,,,,,,,,
,,,,,,,,,,,,,,,,
,,,,,,,,,,,,,,,,
,,,,,,,,,,,,,,,,
,,,,,,,,,,,,,,,,
,,,,,,,,,,,,,,,,
,,,,,,,,,,,,,,,,
,,,,,,,,,,,,,,,,
,,,,,,,,,,,,,,,,
,,,,,,,,,,,,,,,,
,,,,,,,,,,,,,,,,
,,,,,,,,,,,,,,,,
,,,,,,,,,,,,,,,,
,,,,,,,,,,,,,,,,
,,,,,,,,,,,,,,,,
,,,,,,,,,,,,,,,,
,,,,,,,,,,,,,,,,
,,,,,,,,,,,,,,,,
,,,,,,,,,,,,,,,,
,,,,,,,,,,,,,,,,
,,,,,,,,,,,,,,,,
,,,,,,,,,,,,,,,,
,,,,,,,,,,,,,,,,
,,,,,,,,,,,,,,,,
,,,,,,,,,,,,,,,,
,,,,,,,,,,,,,,,,
,,,,,,,,,,,,,,,,
,,,,,,,,,,,,,,,,
,,,,,,,,,,,,,,,,
,,,,,,,,,,,,,,,,
,,,,,,,,,,,,,,,,
,,,,,,,,,,,,,,,,
,,,,,,,,,,,,,,,,
,,,,,,,,,,,,,,,,
,,,,,,,,,,,,,,,,
,,,,,,,,,,,,,,,,
,,,,,,,,,,,,,,,,
,,,,,,,,,,,,,,,,
,,,,,,,,,,,,,,,,
,,,,,,,,,,,,,,,,
,,,,,,,,,,,,,,,,
,,,,,,,,,,,,,,,,
,,,,,,,,,,,,,,,,
,,,,,,,,,,,,,,,,
,,,,,,,,,,,,,,,,
,,,,,,,,,,,,,,,,
,,,,,,,,,,,,,,,,
,,,,,,,,,,,,,,,,
,,,,,,,,,,,,,,,,
,,,,,,,,,,,,,,,,
,,,,,,,,,,,,,,,,
,,,,,,,,,,,,,,,,
,,,,,,,,,,,,,,,,
,,,,,,,,,,,,,,,,
,,,,,,,,,,,,,,,,
,,,,,,,,,,,,,,,,
,,,,,,,,,,,,,,,,
,,,,,,,,,,,,,,,,
,,,,,,,,,,,,,,,,
,,,,,,,,,,,,,,,,
,,,,,,,,,,,,,,,,
,,,,,,,,,,,,,,,,
,,,,,,,,,,,,,,,,
,,,,,,,,,,,,,,,,
,,,,,,,,,,,,,,,,
,,,,,,,,,,,,,,,,
,,,,,,,,,,,,,,,,
,,,,,,,,,,,,,,,,
,,,,,,,,,,,,,,,,
,,,,,,,,,,,,,,,,
,,,,,,,,,,,,,,,,
,,,,,,,,,,,,,,,,
,,,,,,,,,,,,,,,,
,,,,,,,,,,,,,,,,
,,,,,,,,,,,,,,,,
,,,,,,,,,,,,,,,,
,,,,,,,,,,,,,,,,
,,,,,,,,,,,,,,,,
,,,,,,,,,,,,,,,,
,,,,,,,,,,,,,,,,
,,,,,,,,,,,,,,,,
,,,,,,,,,,,,,,,,
,,,,,,,,,,,,,,,,
,,,,,,,,,,,,,,,,
,,,,,,,,,,,,,,,,
,,,,,,,,,,,,,,,,
,,,,,,,,,,,,,,,,
,,,,,,,,,,,,,,,,
,,,,,,,,,,,,,,,,
,,,,,,,,,,,,,,,,
,,,,,,,,,,,,,,,,
,,,,,,,,,,,,,,,,
,,,,,,,,,,,,,,,,
,,,,,,,,,,,,,,,,
,,,,,,,,,,,,,,,,
,,,,,,,,,,,,,,,,
,,,,,,,,,,,,,,,,
,,,,,,,,,,,,,,,,
,,,,,,,,,,,,,,,,
,,,,,,,,,,,,,,,,
,,,,,,,,,,,,,,,,
,,,,,,,,,,,,,,,,
,,,,,,,,,,,,,,,,
,,,,,,,,,,,,,,,,
,,,,,,,,,,,,,,,,
,,,,,,,,,,,,,,,,
,,,,,,,,,,,,,,,,
,,,,,,,,,,,,,,,,
,,,,,,,,,,,,,,,,
,,,,,,,,,,,,,,,,
,,,,,,,,,,,,,,,,
,,,,,,,,,,,,,,,,
,,,,,,,,,,,,,,,,
,,,,,,,,,,,,,,,,
,,,,,,,,,,,,,,,,
,,,,,,,,,,,,,,,,
,,,,,,,,,,,,,,,,
,,,,,,,,,,,,,,,,
,,,,,,,,,,,,,,,,
,,,,,,,,,,,,,,,,
,,,,,,,,,,,,,,,,
,,,,,,,,,,,,,,,,
,,,,,,,,,,,,,,,,
,,,,,,,,,,,,,,,,
,,,,,,,,,,,,,,,,
,,,,,,,,,,,,,,,,
,,,,,,,,,,,,,,,,
,,,,,,,,,,,,,,,,
,,,,,,,,,,,,,,,,
,,,,,,,,,,,,,,,,
,,,,,,,,,,,,,,,,
,,,,,,,,,,,,,,,,
,,,,,,,,,,,,,,,,
,,,,,,,,,,,,,,,,
,,,,,,,,,,,,,,,,
,,,,,,,,,,,,,,,,
,,,,,,,,,,,,,,,,
,,,,,,,,,,,,,,,,
,,,,,,,,,,,,,,,,
,,,,,,,,,,,,,,,,
,,,,,,,,,,,,,,,,
,,,,,,,,,,,,,,,,
,,,,,,,,,,,,,,,,
,,,,,,,,,,,,,,,,
,,,,,,,,,,,,,,,,
,,,,,,,,,,,,,,,,
,,,,,,,,,,,,,,,,
,,,,,,,,,,,,,,,,
,,,,,,,,,,,,,,,,
,,,,,,,,,,,,,,,,
,,,,,,,,,,,,,,,,
,,,,,,,,,,,,,,,,
,,,,,,,,,,,,,,,,
,,,,,,,,,,,,,,,,
,,,,,,,,,,,,,,,,
,,,,,,,,,,,,,,,,
,,,,,,,,,,,,,,,,
,,,,,,,,,,,,,,,,
,,,,,,,,,,,,,,,,
,,,,,,,,,,,,,,,,
,,,,,,,,,,,,,,,,
,,,,,,,,,,,,,,,,
,,,,,,,,,,,,,,,,
,,,,,,,,,,,,,,,,
,,,,,,,,,,,,,,,,
,,,,,,,,,,,,,,,,
,,,,,,,,,,,,,,,,
,,,,,,,,,,,,,,,,
,,,,,,,,,,,,,,,,
,,,,,,,,,,,,,,,,
,,,,,,,,,,,,,,,,
,,,,,,,,,,,,,,,,
,,,,,,,,,,,,,,,,
,,,,,,,,,,,,,,,,
,,,,,,,,,,,,,,,,
,,,,,,,,,,,,,,,,
,,,,,,,,,,,,,,,,
,,,,,,,,,,,,,,,,
,,,,,,,,,,,,,,,,
,,,,,,,,,,,,,,,,
,,,,,,,,,,,,,,,,
,,,,,,,,,,,,,,,,
,,,,,,,,,,,,,,,,
,,,,,,,,,,,,,,,,
,,,,,,,,,,,,,,,,
,,,,,,,,,,,,,,,,
,,,,,,,,,,,,,,,,
,,,,,,,,,,,,,,,,
,,,,,,,,,,,,,,,,
,,,,,,,,,,,,,,,,
,,,,,,,,,,,,,,,,
,,,,,,,,,,,,,,,,
,,,,,,,,,,,,,,,,
,,,,,,,,,,,,,,,,
,,,,,,,,,,,,,,,,
,,,,,,,,,,,,,,,,
,,,,,,,,,,,,,,,,
,,,,,,,,,,,,,,,,
,,,,,,,,,,,,,,,,
,,,,,,,,,,,,,,,,
,,,,,,,,,,,,,,,,
,,,,,,,,,,,,,,,,
,,,,,,,,,,,,,,,,
,,,,,,,,,,,,,,,,
,,,,,,,,,,,,,,,,
,,,,,,,,,,,,,,,,
,,,,,,,,,,,,,,,,
,,,,,,,,,,,,,,,,
,,,,,,,,,,,,,,,,
,,,,,,,,,,,,,,,,
,,,,,,,,,,,,,,,,
,,,,,,,,,,,,,,,,
,,,,,,,,,,,,,,,,
,,,,,,,,,,,,,,,,
,,,,,,,,,,,,,,,,
,,,,,,,,,,,,,,,,
,,,,,,,,,,,,,,,,
,,,,,,,,,,,,,,,,
,,,,,,,,,,,,,,,,
,,,,,,,,,,,,,,,,
,,,,,,,,,,,,,,,,
,,,,,,,,,,,,,,,,
,,,,,,,,,,,,,,,,
,,,,,,,,,,,,,,,,
,,,,,,,,,,,,,,,,
,,,,,,,,,,,,,,,,
,,,,,,,,,,,,,,,,
,,,,,,,,,,,,,,,,
,,,,,,,,,,,,,,,,
,,,,,,,,,,,,,,,,
,,,,,,,,,,,,,,,,
,,,,,,,,,,,,,,,,
,,,,,,,,,,,,,,,,
,,,,,,,,,,,,,,,,
,,,,,,,,,,,,,,,,
,,,,,,,,,,,,,,,,
,,,,,,,,,,,,,,,,
,,,,,,,,,,,,,,,,
,,,,,,,,,,,,,,,,
,,,,,,,,,,,,,,,,
,,,,,,,,,,,,,,,,
,,,,,,,,,,,,,,,,
,,,,,,,,,,,,,,,,
,,,,,,,,,,,,,,,,
,,,,,,,,,,,,,,,,
,,,,,,,,,,,,,,,,
,,,,,,,,,,,,,,,,
,,,,,,,,,,,,,,,,
,,,,,,,,,,,,,,,,
,,,,,,,,,,,,,,,,
,,,,,,,,,,,,,,,,
,,,,,,,,,,,,,,,,
,,,,,,,,,,,,,,,,
,,,,,,,,,,,,,,,,
,,,,,,,,,,,,,,,,
,,,,,,,,,,,,,,,,
,,,,,,,,,,,,,,,,
,,,,,,,,,,,,,,,,
,,,,,,,,,,,,,,,,
,,,,,,,,,,,,,,,,
,,,,,,,,,,,,,,,,
,,,,,,,,,,,,,,,,
,,,,,,,,,,,,,,,,
,,,,,,,,,,,,,,,,
,,,,,,,,,,,,,,,,
,,,,,,,,,,,,,,,,
,,,,,,,,,,,,,,,,
,,,,,,,,,,,,,,,,
,,,,,,,,,,,,,,,,
,,,,,,,,,,,,,,,,
,,,,,,,,,,,,,,,,
,,,,,,,,,,,,,,,,
,,,,,,,,,,,,,,,,
,,,,,,,,,,,,,,,,
,,,,,,,,,,,,,,,,
,,,,,,,,,,,,,,,,
,,,,,,,,,,,,,,,,
,,,,,,,,,,,,,,,,
,,,,,,,,,,,,,,,,
,,,,,,,,,,,,,,,,
,,,,,,,,,,,,,,,,
,,,,,,,,,,,,,,,,
,,,,,,,,,,,,,,,,
,,,,,,,,,,,,,,,,
,,,,,,,,,,,,,,,,
,,,,,,,,,,,,,,,,
,,,,,,,,,,,,,,,,
,,,,,,,,,,,,,,,,
,,,,,,,,,,,,,,,,
,,,,,,,,,,,,,,,,
,,,,,,,,,,,,,,,,
,,,,,,,,,,,,,,,,
,,,,,,,,,,,,,,,,
,,,,,,,,,,,,,,,,
,,,,,,,,,,,,,,,,
,,,,,,,,,,,,,,,,
,,,,,,,,,,,,,,,,
,,,,,,,,,,,,,,,,
,,,,,,,,,,,,,,,,
,,,,,,,,,,,,,,,,
,,,,,,,,,,,,,,,,
,,,,,,,,,,,,,,,,
,,,,,,,,,,,,,,,,
,,,,,,,,,,,,,,,,
,,,,,,,,,,,,,,,,
,,,,,,,,,,,,,,,,
,,,,,,,,,,,,,,,,
,,,,,,,,,,,,,,,,
,,,,,,,,,,,,,,,,
,,,,,,,,,,,,,,,,
,,,,,,,,,,,,,,,,
,,,,,,,,,,,,,,,,
,,,,,,,,,,,,,,,,
,,,,,,,,,,,,,,,,
,,,,,,,,,,,,,,,,
,,,,,,,,,,,,,,,,
,,,,,,,,,,,,,,,,
,,,,,,,,,,,,,,,,
,,,,,,,,,,,,,,,,
,,,,,,,,,,,,,,,,
,,,,,,,,,,,,,,,,
,,,,,,,,,,,,,,,,
,,,,,,,,,,,,,,,,
,,,,,,,,,,,,,,,,
,,,,,,,,,,,,,,,,
,,,,,,,,,,,,,,,,
,,,,,,,,,,,,,,,,
,,,,,,,,,,,,,,,,
,,,,,,,,,,,,,,,,
,,,,,,,,,,,,,,,,
,,,,,,,,,,,,,,,,
,,,,,,,,,,,,,,,,
,,,,,,,,,,,,,,,,
,,,,,,,,,,,,,,,,
,,,,,,,,,,,,,,,,
,,,,,,,,,,,,,,,,
,,,,,,,,,,,,,,,,
,,,,,,,,,,,,,,,,
,,,,,,,,,,,,,,,,
,,,,,,,,,,,,,,,,
,,,,,,,,,,,,,,,,
,,,,,,,,,,,,,,,,
,,,,,,,,,,,,,,,,
,,,,,,,,,,,,,,,,
,,,,,,,,,,,,,,,,
,,,,,,,,,,,,,,,,
,,,,,,,,,,,,,,,,
,,,,,,,,,,,,,,,,
,,,,,,,,,,,,,,,,
,,,,,,,,,,,,,,,,
,,,,,,,,,,,,,,,,
,,,,,,,,,,,,,,,,
,,,,,,,,,,,,,,,,
,,,,,,,,,,,,,,,,
,,,,,,,,,,,,,,,,
,,,,,,,,,,,,,,,,
,,,,,,,,,,,,,,,,
,,,,,,,,,,,,,,,,
,,,,,,,,,,,,,,,,
,,,,,,,,,,,,,,,,
,,,,,,,,,,,,,,,,
,,,,,,,,,,,,,,,,
,,,,,,,,,,,,,,,,
,,,,,,,,,,,,,,,,
,,,,,,,,,,,,,,,,
,,,,,,,,,,,,,,,,
,,,,,,,,,,,,,,,,
,,,,,,,,,,,,,,,,
,,,,,,,,,,,,,,,,
,,,,,,,,,,,,,,,,
,,,,,,,,,,,,,,,,
,,,,,,,,,,,,,,,,
,,,,,,,,,,,,,,,,
,,,,,,,,,,,,,,,,
,,,,,,,,,,,,,,,,
,,,,,,,,,,,,,,,,
,,,,,,,,,,,,,,,,
,,,,,,,,,,,,,,,,
,,,,,,,,,,,,,,,,
,,,,,,,,,,,,,,,,
,,,,,,,,,,,,,,,,
,,,,,,,,,,,,,,,,
,,,,,,,,,,,,,,,,
,,,,,,,,,,,,,,,,
,,,,,,,,,,,,,,,,
,,,,,,,,,,,,,,,,
,,,,,,,,,,,,,,,,
,,,,,,,,,,,,,,,,
,,,,,,,,,,,,,,,,
,,,,,,,,,,,,,,,,
,,,,,,,,,,,,,,,,
